TN,FP,FN,TP,sens,spec,ppv,npv,agree,kappa
105,19,21,183,0.8970588235294118,0.8467741935483871,0.905940594059406,0.8333333333333334,0.8780487804878049,0.7560975609756098
