TN,FP,FN,TP,sens,spec,ppv,npv,agree,kappa
71,53,36,168,0.8235294117647058,0.5725806451612904,0.7601809954751131,0.6635514018691588,0.7286585365853658,0.45731707317073167
